{
    "2021-05-28": {
        "USD_EUR": 0.819895,
        "EUR_USD": 1.219961,
        "EUR_GBP": 0.859646
    }
}